<?xml version="1.0" encoding="UTF-8"?>
<beans xmlns="http://www.springframework.org/schema/beans"
       xmlns:xsi="http://www.w3.org/2001/XMLSchema-instance"
       xsi:schemaLocation="http://www.springframework.org/schema/beans http://www.springframework.org/schema/beans/spring-beans.xsd">

    <bean id="cacheManager" class="org.springframework.cache.ehcache.EhCacheManagerFactoryBean" />


    <bean id="aclCache"
          class="org.springframework.security.acls.domain.EhCacheBasedAclCache">
        <constructor-arg ref="aclEhCache" />
        <constructor-arg ref="permissionGrantingStrategy" />
        <constructor-arg ref="authorizationStrategy" />
    </bean>

    <bean id="aclEhCache"
          class="org.springframework.cache.ehcache.EhCacheFactoryBean">
        <property name="cacheManager" ref="cacheManager" />
        <property name="cacheName" value="aclCache" />
    </bean>

    <bean id="lookupStrategy"
          class="org.springframework.security.acls.jdbc.BasicLookupStrategy">
        <constructor-arg ref="dataSource" />
        <constructor-arg ref="aclCache" />
        <constructor-arg ref="authorizationStrategy" />
        <constructor-arg ref="permissionGrantingStrategy" />
    </bean>

    <bean id="authorizationStrategy" class="org.springframework.security.acls.domain.AclAuthorizationStrategyImpl">
        <constructor-arg>
            <bean id="adminRole"
                  class="org.springframework.security.core.authority.SimpleGrantedAuthority">
                <constructor-arg value="ROLE_ADMIN" />
            </bean>
        </constructor-arg>
    </bean>

    <bean id="permissionGrantingStrategy" class="org.springframework.security.acls.domain.DefaultPermissionGrantingStrategy">
        <constructor-arg>
            <bean class="org.springframework.security.acls.domain.ConsoleAuditLogger" />
        </constructor-arg>
    </bean>

    <bean id="aclService"
          class="org.springframework.security.acls.jdbc.JdbcMutableAclService">
        <constructor-arg ref="dataSource" />
        <constructor-arg ref="lookupStrategy" />
        <constructor-arg ref="aclCache" />
    <property name="classIdentityQuery" value="SELECT @@IDENTITY"/> 
    <property name="sidIdentityQuery" value="SELECT @@IDENTITY"/>
   </bean>

    <bean id="aclPermissionEvaluator" class="org.springframework.security.acls.AclPermissionEvaluator">
        <constructor-arg ref="aclService" />
    </bean>

    <bean id="methodExpressionHandler" class="org.springframework.security.access.expression.method.DefaultMethodSecurityExpressionHandler">
        <property name="permissionEvaluator" ref="aclPermissionEvaluator" />
    </bean>

</beans>