<?xml version="1.0"?>
<!DOCTYPE hibernate-mapping PUBLIC "-//Hibernate/Hibernate Mapping DTD 3.0//EN"
"http://hibernate.sourceforge.net/hibernate-mapping-3.0.dtd">
<!-- Generated Apr 25, 2016 8:07:50 PM by Hibernate Tools 3.5.0.Final -->
<hibernate-mapping>
    <class name="edu.mum.domain.UserCredentials" table="USERCREDENTIALS">
        <id name="username" type="java.lang.String">
            <column name="USERNAME" />
            <generator class="assigned" />
        </id>
        <property name="password" type="java.lang.String">
            <column name="PASSWORD" />
        </property>
        <property name="verifyPassword" type="java.lang.String">
            <column name="VERIFYPASSWORD" />
        </property>
        <property name="enabled" type="java.lang.Boolean">
            <column name="ENABLED" />
        </property>
    </class>
</hibernate-mapping>
