<?xml version="1.0" encoding="UTF-8"?>
<beans xmlns="http://www.springframework.org/schema/beans"
    xmlns:xsi="http://www.w3.org/2001/XMLSchema-instance"
    xmlns:p="http://www.springframework.org/schema/p"
    xmlns:mvc="http://www.springframework.org/schema/mvc"
    xmlns:context="http://www.springframework.org/schema/context"
    xsi:schemaLocation="
        http://www.springframework.org/schema/beans
        http://www.springframework.org/schema/beans/spring-beans.xsd
        http://www.springframework.org/schema/mvc
        http://www.springframework.org/schema/mvc/spring-mvc.xsd     
        http://www.springframework.org/schema/context
        http://www.springframework.org/schema/context/spring-context.xsd">
        
    <context:component-scan base-package="mum.edu.controller"/>
    <context:component-scan base-package="mum.edu.service"/>
 
     <mvc:annotation-driven conversion-service="conversionService"/>
    
    <mvc:resources mapping="/css/**" location="/resources/css/"/>
 
    <mvc:resources mapping="/resources/**" location="/resources/"/>
      
    <bean id="viewResolver" class="org.springframework.web.servlet.view.InternalResourceViewResolver">
        <property name="prefix" value="/WEB-INF/jsp/"/>
        <property name="suffix" value=".jsp"/>
    </bean>
    
    <bean id= "messageSource" class="org.springframework.context.support.ResourceBundleMessageSource">
   		<property name="basenames" value="message2,messages"/> 
	</bean>
	
		<bean id="conversionService"
		class="org.springframework.format.support.FormattingConversionServiceFactoryBean">
		<property name="formatters">
			<set>
				<!--bean class="mum.edu.formatter.DateFormatter">
					<constructor-arg type="java.lang.String" value="MM-dd-yyyy" />
				</bean-->
				<bean class="mum.edu.formatter.ISBNFormatter"> </bean>

			</set>
		</property>
	</bean>

	
    
</beans>