<?xml version="1.0" encoding="UTF-8"?>
<beans xmlns="http://www.springframework.org/schema/beans"
	xmlns:xsi="http://www.w3.org/2001/XMLSchema-instance"
	xmlns:context="http://www.springframework.org/schema/context"
	xmlns:security="http://www.springframework.org/schema/security"
	xsi:schemaLocation=" 
	   	http://www.springframework.org/schema/security http://www.springframework.org/schema/security/spring-security.xsd		
		http://www.springframework.org/schema/beans http://www.springframework.org/schema/beans/spring-beans.xsd
		http://www.springframework.org/schema/context http://www.springframework.org/schema/context/spring-context.xsd">

<!-- 	<security:global-method-security pre-post-annotations="enabled"  >
	<security:expression-handler ref="methodExpressionHandler"/>
	</security:global-method-security>
 --> 
<!-- 	<security:authentication-manager alias="authenticationManager">
		<security:authentication-provider>
			<security:password-encoder hash="bcrypt" />
			<security:jdbc-user-service
				data-source-ref="dataSource"
				users-by-username-query="select username,password,enabled from credentials where username=?"
				authorities-by-username-query="select u1.username, u2.authority from credentials u1, authority u2 where u1.username = u2.username and u1.username =?" />
		</security:authentication-provider>
	</security:authentication-manager>

 -->
 
 
 	<!-- Stateless RESTful services use BASIC authentication -->
    <security:http create-session="stateless" pattern="/rest/**" use-expressions="true">
        <security:intercept-url pattern="/**" access="hasRole('ROLE_ADMIN')"/>
        <security:http-basic/>
        <security:csrf disabled="true"/>
      </security:http>
 
	<security:authentication-manager alias="authenticationManager">
		<security:authentication-provider>
 			<security:user-service>
				<security:user name="admin" password="admin" authorities="ROLE_ADMIN" />
				<security:user name="guest" password="guest" authorities="ROLE_USER" />
				<security:user name="rest" password="rest" authorities="ROLE_REST" />
			</security:user-service>
		</security:authentication-provider>
	</security:authentication-manager>

</beans>
