<?xml version="1.0" encoding="UTF-8"?>
<beans xmlns="http://www.springframework.org/schema/beans"
       xmlns:xsi="http://www.w3.org/2001/XMLSchema-instance"
       xmlns:jms="http://www.springframework.org/schema/jms"
       xmlns:p="http://www.springframework.org/schema/p"
       xsi:schemaLocation="http://www.springframework.org/schema/beans
        http://www.springframework.org/schema/beans/spring-beans.xsd
        http://www.springframework.org/schema/jms
        http://www.springframework.org/schema/jms/spring-jms.xsd">

<!-- TCP: means remote access on connection vm: means Local -->
<!-- org.apache.activemq.pool.PooledConnectionFactory -->
    <bean id="connectionFactory"
          class="org.apache.activemq.ActiveMQConnectionFactory"
          p:brokerURL="tcp://localhost:61616" />

 <bean id="cachedConnectionFactory"
    class="org.springframework.jms.connection.CachingConnectionFactory"
    p:targetConnectionFactory-ref="connectionFactory"
    p:sessionCacheSize="10" />
 
 <!-- PTP Consumer-->
    <bean id="simpleMessageListener" class="edu.mum.listener.SimpleMessageListener"/>

    <jms:listener-container container-type="default"
                            connection-factory="cachedConnectionFactory" acknowledge="auto">
        <jms:listener destination="mumEA" ref="simpleMessageListener" method="onMessage" />
    </jms:listener-container>

   <!-- Pub/Sub subscriber-->
     <bean id="simpleMessageTopicListener" class="edu.mum.listener.SimpleMessageTopicListener"/>
 
    <jms:listener-container container-type="default"
                            connection-factory="cachedConnectionFactory" acknowledge="auto" destination-type="topic">
        <jms:listener destination="mumEA.topic" ref="simpleMessageTopicListener" method="onMessage" />
    </jms:listener-container>
</beans>
