<?xml version="1.0" encoding="UTF-8"?>
<beans:beans
        xmlns="http://www.springframework.org/schema/batch"
        xmlns:beans="http://www.springframework.org/schema/beans"
        xmlns:p="http://www.springframework.org/schema/p"
        xmlns:xsi="http://www.w3.org/2001/XMLSchema-instance"
        xmlns:context="http://www.springframework.org/schema/context"
        xsi:schemaLocation="
            http://www.springframework.org/schema/beans http://www.springframework.org/schema/beans/spring-beans.xsd
            http://www.springframework.org/schema/batch http://www.springframework.org/schema/batch/spring-batch.xsd
            http://www.springframework.org/schema/context http://www.springframework.org/schema/context/spring-context.xsd">

    <context:property-placeholder ignore-unresolvable="true" />

    <beans:bean
            id="csvFileReader"
            class="org.springframework.batch.item.file.FlatFileItemReader"
            p:resource="classpath:data/products.csv">
        <beans:property
                name="lineMapper">
            <beans:bean
                    class="org.springframework.batch.item.file.mapping.DefaultLineMapper">
                <beans:property
                        name="lineTokenizer">
                    <beans:bean
                            class="org.springframework.batch.item.file.transform.DelimitedLineTokenizer"
                            p:delimiter=","
                            p:names="name,manufacturer,weight,description,shortDescription,productNumber,
                            			price,quantity"/>
                </beans:property>
                <beans:property
                        name="fieldSetMapper">
                    <beans:bean
                            class="org.springframework.batch.item.file.mapping.BeanWrapperFieldSetMapper"
                            p:targetType="edu.mum.domain.Product"/>
                </beans:property>
            </beans:bean>
        </beans:property>
    </beans:bean>

   <beans:bean
            id="productWriter"
            class="edu.mum.batch.ProductItemWriter">
 
			<beans:property name="productService">
				<beans:bean class="edu.mum.service.impl.ProductServiceImpl"/>
			</beans:property>
     </beans:bean>


     <beans:bean id="authenticate" class="edu.mum.batch.Authenticate">  
       </beans:bean>  

    <job
            job-repository="jobRepository"
            id="SaveProducts">
        <step id="step1">
			<tasklet ref="authenticate"/>
   			<next on="*" to="step2" />
        </step>
        <step id="step2">
				<tasklet>
 					<chunk commit-interval="5" writer="productWriter"  reader="csvFileReader"/>
				</tasklet>
        </step>
     </job>




</beans:beans>
