<?xml version="1.0" encoding="UTF-8"?>

<beans xmlns="http://www.springframework.org/schema/beans"
   xmlns:xsi="http://www.w3.org/2001/XMLSchema-instance"
	xmlns:context="http://www.springframework.org/schema/context"
   xmlns:tx="http://www.springframework.org/schema/tx"
   xmlns:cache="http://www.springframework.org/schema/cache"
   xmlns:jpa="http://www.springframework.org/schema/data/jpa"
    xsi:schemaLocation="
      http://www.springframework.org/schema/beans 
      http://www.springframework.org/schema/beans/spring-beans.xsd
 	  http://www.springframework.org/schema/context http://www.springframework.org/schema/context/spring-context.xsd
      http://www.springframework.org/schema/tx http://www.springframework.org/schema/tx/spring-tx.xsd
      http://www.springframework.org/schema/cache http://www.springframework.org/schema/cache/spring-cache.xsd
      http://www.springframework.org/schema/data/jpa http://www.springframework.org/schema/data/jpa/spring-jpa.xsd">
 
 <context:property-placeholder location="classpath:application.properties" />
  
   <bean id="entityManagerFactory" class="org.springframework.orm.jpa.LocalContainerEntityManagerFactoryBean">
      <property name="dataSource" ref="dataSource" />
      <property name="packagesToScan" value="edu.mum.domain" />
      <property name="jpaVendorAdapter">
         <bean class="org.springframework.orm.jpa.vendor.HibernateJpaVendorAdapter" />
      </property>
      <property name="jpaProperties">
         <props>
            <prop key="hibernate.hbm2ddl.auto">create</prop>
            <prop key="hibernate.dialect">${hibernate.dialect}</prop>
            <prop key="hibernate.show_sql">true</prop>
 			<prop key="use_sql_comments">true</prop>
 			<prop key="hibernate.format_sql">false</prop> 

  			<prop key="hibernate.cache.provider_class">org.hibernate.cache.EhCacheProvider</prop> 
 			<prop  key="hibernate.cache.region.factory_class"> org.hibernate.cache.ehcache.SingletonEhCacheRegionFactory</prop>
			
 			<prop  key="hibernate.cache.use_second_level_cache">true</prop>	
 			<prop  key="hibernate.cache.use_query_cache">true</prop>
 			
 			        <prop key="hibernate.generate_statistics">true</prop>	
          </props>
      </property>
   </bean>
   
    		
 	<bean id="dataSource"
		class="org.springframework.jdbc.datasource.DriverManagerDataSource">
		<property name="driverClassName" value="${jdbc.driverClassName}" />
		<property name="url" value="${jdbc.url}" />
		<property name="username" value="${jdbc.username}" />
		<property name="password" value="${jdbc.password}" />
	</bean>

   <bean id="transactionManager" class="org.springframework.orm.jpa.JpaTransactionManager">
      <property name="entityManagerFactory" ref="entityManagerFactory" />
   </bean>
   
   <!-- Scan for  transaction-based resources -->
   	<context:component-scan base-package="edu.mum" />
  
    <tx:annotation-driven transaction-manager="transactionManager"/>
 
   <bean id="persistenceExceptionTranslationPostProcessor"
      class="org.springframework.dao.annotation.PersistenceExceptionTranslationPostProcessor" />
 
</beans>
