<?xml version="1.0" encoding="UTF-8"?>

<beans xmlns="http://www.springframework.org/schema/beans"
   xmlns:xsi="http://www.w3.org/2001/XMLSchema-instance"
	xmlns:context="http://www.springframework.org/schema/context"
   xmlns:tx="http://www.springframework.org/schema/tx"
   xmlns:jpa="http://www.springframework.org/schema/data/jpa"
	xmlns:aop="http://www.springframework.org/schema/aop"
     xsi:schemaLocation="
      http://www.springframework.org/schema/beans 
      http://www.springframework.org/schema/beans/spring-beans.xsd
 	  http://www.springframework.org/schema/context http://www.springframework.org/schema/context/spring-context.xsd
      http://www.springframework.org/schema/tx http://www.springframework.org/schema/tx/spring-tx.xsd
	  http://www.springframework.org/schema/aop
      http://www.springframework.org/schema/aop/spring-aop.xsd
      http://www.springframework.org/schema/data/jpa http://www.springframework.org/schema/data/jpa/spring-jpa.xsd">
 
 <context:property-placeholder location="classpath:application.properties" />
  <import resource="classpath:context/security-context.xml"/>
  <import resource="classpath:context/acl-context.xml"/>
  
   <bean id="entityManagerFactory" class="org.springframework.orm.jpa.LocalContainerEntityManagerFactoryBean">
      <property name="dataSource" ref="dataSource" />
      <property name="packagesToScan" value="edu.mum.domain" />
      <property name="jpaVendorAdapter">
         <bean class="org.springframework.orm.jpa.vendor.HibernateJpaVendorAdapter" />
      </property>
      <property name="jpaProperties">
         <props>
            <prop key="hibernate.hbm2ddl.auto">create-drop</prop>
            <prop key="hibernate.dialect">${hibernate.dialect}</prop>
            <prop  key="hibernate.hbm2ddl.import_files_sql_extractor">org.hibernate.tool.hbm2ddl.MultipleLinesSqlCommandExtractor </prop>
             <prop key="hibernate.hbm2ddl.import_files">sql/data_credentials.sql,sql/data_authority.sql,sql/data_member.sql,sql/create.sql</prop>
<!-- ,sql/data_credentials.sql,sql/data_member.sql -->
             <prop key="hibernate.show_sql">${hibernate.show_sql}</prop>
 			<prop key="use_sql_comments">true</prop>
 			<prop key="hibernate.format_sql">${hibernate.format_sql}</prop> 
 			<prop key="javax.persistence.validation.mode">${validation.mode}</prop> 
          </props>
      </property>
   </bean>
  
 	<bean id="dataSource"
		class="org.springframework.jdbc.datasource.DriverManagerDataSource">
		<property name="driverClassName" value="${jdbc.driverClassName}" />
		<property name="url" value="${jdbc.url}" />
		<property name="username" value="${jdbc.username}" />
		<property name="password" value="${jdbc.password}" />
	</bean>

   <bean id="transactionManager" class="org.springframework.orm.jpa.JpaTransactionManager">
      <property name="entityManagerFactory" ref="entityManagerFactory" />
   </bean>
   
   <!-- Scan for  transaction-based resources -->
   	<context:component-scan base-package="edu.mum" />
  
    <tx:annotation-driven transaction-manager="transactionManager"  />
 
   <bean id="persistenceExceptionTranslationPostProcessor"
      class="org.springframework.dao.annotation.PersistenceExceptionTranslationPostProcessor" />
 
 
 	<bean id="messageSource"
		class="org.springframework.context.support.ReloadableResourceBundleMessageSource">
		<property name="basename" value="classpath:errorMessages" />
	</bean>

	<bean id="messageAccessor" class="org.springframework.context.support.MessageSourceAccessor">
    	<constructor-arg  ref="messageSource"/>
	</bean> 

	<bean id="validator"
		class="org.springframework.validation.beanvalidation.LocalValidatorFactoryBean">
		<property name="validationMessageSource" ref="messageSource" />
	</bean>

 	<aop:aspectj-autoproxy />
 
</beans>
