<?xml version="1.0" encoding="UTF-8"?>
<beans xmlns="http://www.springframework.org/schema/beans" xmlns:xsi="http://www.w3.org/2001/XMLSchema-instance"
       xmlns:context="http://www.springframework.org/schema/context"
       xmlns:oxm="http://www.springframework.org/schema/oxm" xmlns:util="http://www.springframework.org/schema/util"
       xsi:schemaLocation="http://www.springframework.org/schema/beans http://www.springframework.org/schema/beans/spring-beans.xsd
       http://www.springframework.org/schema/context http://www.springframework.org/schema/context/spring-context.xsd http://www.springframework.org/schema/oxm http://www.springframework.org/schema/oxm/spring-oxm.xsd http://www.springframework.org/schema/util http://www.springframework.org/schema/util/spring-util.xsd">
 
    <context:component-scan base-package="edu.mum"/>
 
    <!-- Define the SOAP version used by the WSDL -->
    <bean id="soapMessageFactory" class="org.springframework.ws.soap.saaj.SaajSoapMessageFactory">
        <property name="soapVersion">
            <util:constant static-field="org.springframework.ws.soap.SoapVersion.SOAP_12"/>
        </property>
    </bean>
 
    <!-- The location of the generated Java files -->
<!--     <oxm:jaxb2-marshaller id="marshaller" contextPath="edu.mum.wsdl.account"/> -->
 	<bean id="marshaller" class="org.springframework.oxm.jaxb.Jaxb2Marshaller">
		<property name="contextPath" value="edu.mum.wsdl.account"/>
	</bean>
 
    <!-- Configure Spring Web Services -->
    <bean id="webServiceTemplate" class="org.springframework.ws.client.core.WebServiceTemplate">
        <constructor-arg ref="soapMessageFactory"/>
        <property name="marshaller" ref="marshaller"/>
        <property name="unmarshaller" ref="marshaller"/>
        <property name="defaultUri" value="http://localhost:8080/spring-webservices-sample/endpoints"/>
    </bean>
</beans>

<!-- 	<?xml version="1.0" encoding="UTF-8"?>
<beans xmlns="http://www.springframework.org/schema/beans"
	xmlns:xsi="http://www.w3.org/2001/XMLSchema-instance" 
	xmlns:p="http://www.springframework.org/schema/p"
	xmlns:util="http://www.springframework.org/schema/util"
	xmlns:context="http://www.springframework.org/schema/context"
	xsi:schemaLocation="
       http://www.springframework.org/schema/beans 
       http://www.springframework.org/schema/beans/spring-beans-3.0.xsd
       http://www.springframework.org/schema/util 
       http://www.springframework.org/schema/util/spring-util-3.0.xsd
       http://www.springframework.org/schema/context
       http://www.springframework.org/schema/context/spring-context-3.0.xsd">
       
 
	<bean id="webServiceTemplate" class="org.springframework.ws.client.core.WebServiceTemplate">
		<constructor-arg ref="messageFactory" />
		<property name="defaultUri" value="http://localhost:8080/spring-webservices-sample/" />
		<property name="marshaller" ref="marshaller"/>
		<property name="unmarshaller" ref="marshaller"/>
	</bean>

	<bean id="marshaller" class="org.springframework.oxm.jaxb.Jaxb2Marshaller">
		<property name="contextPath" value="edu.mum.wsdl.account"/>
	</bean>

	<bean id="messageFactory" class="org.springframework.ws.soap.saaj.SaajSoapMessageFactory">
		<property name="messageFactory">
			<bean
				class="com.sun.xml.messaging.saaj.soap.ver1_1.SOAPMessageFactory1_1Impl" />
		</property>

	</bean>
</beans>

 -->
