<?xml version="1.0"?>
<!DOCTYPE hibernate-mapping PUBLIC "-//Hibernate/Hibernate Mapping DTD 3.0//EN"
"http://hibernate.sourceforge.net/hibernate-mapping-3.0.dtd">
<!-- Generated May 4, 2016 1:51:39 PM by Hibernate Tools 3.5.0.Final -->
<hibernate-mapping>
    <class name="edu.mum.domain.Member" table="MEMBER">
        <id name="id" type="long">
            <column name="ID" />
            <generator class="assigned" />
        </id>
        <property name="firstName" type="java.lang.String">
            <column name="FIRSTNAME" />
        </property>
        <property name="lastName" type="java.lang.String">
            <column name="LASTNAME" />
        </property>
        <property name="age" type="int">
            <column name="AGE" />
        </property>
        <property name="title" type="java.lang.String">
            <column name="TITLE" />
        </property>
        <property name="memberNumber" type="int">
            <column name="MEMBERNUMBER" />
        </property>
        <one-to-one name="userCredentials" class="edu.mum.domain.UserCredentials"></one-to-one>
    </class>
</hibernate-mapping>
