<?xml version="1.0"?>
<!DOCTYPE hibernate-mapping PUBLIC "-//Hibernate/Hibernate Mapping DTD 3.0//EN"
"http://hibernate.sourceforge.net/hibernate-mapping-3.0.dtd">
<!-- Generated May 4, 2016 1:51:39 PM by Hibernate Tools 3.5.0.Final -->
<hibernate-mapping>
    <class name="edu.mum.domain.UserCredentials" table="USERCREDENTIALS">
        <id name="username" type="java.lang.String">
            <column name="USERNAME" />
            <generator class="assigned" />
        </id>
        <property name="password" type="java.lang.String">
            <column name="PASSWORD" />
        </property>
        <property name="verifyPassword" type="java.lang.String">
            <column name="VERIFYPASSWORD" />
        </property>
        <property name="enabled" type="java.lang.Boolean">
            <column name="ENABLED" />
        </property>
        <list name="authority" inverse="false" table="AUTHORITY" lazy="true">
            <key>
                <column name="USERNAME" />
            </key>
            <list-index></list-index>
            <one-to-many class="edu.mum.domain.Authority" />
        </list>
    </class>
</hibernate-mapping>
