<?xml version="1.0" encoding="UTF-8"?>
<beans xmlns="http://www.springframework.org/schema/beans"
       xmlns:xsi="http://www.w3.org/2001/XMLSchema-instance"
       xmlns:rabbit="http://www.springframework.org/schema/rabbit"
       xsi:schemaLocation="http://www.springframework.org/schema/beans
        http://www.springframework.org/schema/beans/spring-beans.xsd
        http://www.springframework.org/schema/rabbit
        http://www.springframework.org/schema/rabbit/spring-rabbit.xsd">

    <rabbit:connection-factory id="connectionFactory" host="localhost" username="joe" password="joe"/>
 
<!--  <bean id="connectionFactory"
      class="org.springframework.amqp.rabbit.connection.CachingConnectionFactory">
    <constructor-arg value="localhost"/>
    <property name="username" value="joe"/>
    <property name="password" value="joe"/>
</bean>
 -->
    <rabbit:template id="amqpTemplate" connection-factory="connectionFactory"
                     reply-timeout="2000" routing-key="purchases.y"
                     exchange="order" />

    <rabbit:admin connection-factory="connectionFactory" />

    <rabbit:queue name="purchasesY" />
    <rabbit:queue name="purchasesX" />

    <rabbit:topic-exchange name="order">
        <rabbit:bindings>
            <rabbit:binding queue="purchasesY" pattern="purchases.y.#" />
             <rabbit:binding queue="purchasesX" pattern="purchases.x.#" />
        </rabbit:bindings>
    </rabbit:topic-exchange>

 <rabbit:listener-container connection-factory="connectionFactory">
	<rabbit:listener ref="orderListener" method="listen" queue-names="purchasesY" />
</rabbit:listener-container>

<bean id="orderListener" class="edu.mum.OrderListener" />
</beans>
